,Country,Average Sentiment
0,United Kingdom,-0.135855
1,Ireland,-0.052099999999999994
2,United States,0.05184
3,Australia,-0.07223
4,New Zealand,-0.046595000000000004
5,Canada,-0.077845
